applicant_id,financial_stress_event,predicted_probability
3,1,0.30892042302985523
7,0,0.22337212185397212
8,0,0.09021488128002558
15,1,0.45504172272056853
22,0,0.5616203749175678
25,0,0.4138645664630727
46,1,0.34643103137546194
49,0,0.3623519978396723
62,0,0.35003673455487005
64,1,0.32591203757234805
65,1,0.5734053465121768
66,0,0.6025642228134311
91,0,0.2748624326796034
105,0,0.3294602540554243
110,1,0.4478352654265993
111,1,0.7909768742925645
119,1,0.6731866136783167
124,0,0.4811995575921936
130,1,0.5367759580681796
138,1,0.6458542587623038
144,1,0.8148111639959896
150,0,0.11544874494538082
159,0,0.36484564814548265
164,0,0.34999079855225385
173,0,0.20900104748851556
185,0,0.5036303641318515
188,0,0.14582002709535163
191,1,0.06150055348462224
198,0,0.4964486349571823
204,1,0.2357303313392056
205,0,0.23023394405504521
218,1,0.26874117254420393
226,0,0.4871781596277369
231,0,0.20461663126710572
240,0,0.14373737397939604
247,1,0.18147782604033275
254,0,0.33890285961664485
263,0,0.2998551310694852
271,0,0.2292655051411401
297,1,0.4030091098830152
302,0,0.2550080214643117
314,0,0.11786554124532382
321,1,0.162289625541248
327,0,0.15439181870754698
331,1,0.2520651759949554
340,0,0.495750092791648
342,1,0.4681484171437258
344,1,0.4745418037983772
354,0,0.32861083522639295
358,1,0.2254533270004144
370,0,0.5557711727848546
374,1,0.18263989134558814
379,0,0.24811845428707316
396,0,0.2973265409537701
397,1,0.5209767738648454
408,1,0.24052125087905626
420,1,0.6258733641867338
427,0,0.14926523738021022
429,1,0.2749332652505237
430,1,0.17819747012426423
431,0,0.21227638639888488
442,0,0.15001589938702134
446,0,0.5097999047623304
447,0,0.259888226155515
454,1,0.2921385582742892
462,0,0.161320721110018
474,0,0.21953472006182767
475,0,0.27051835040684885
483,0,0.3558680650931804
489,0,0.4665588334566095
502,0,0.13100506524979677
506,1,0.9067740068270467
512,0,0.4351004288212546
514,1,0.35518891743857134
521,1,0.7206350435056699
530,1,0.2713184980028677
535,0,0.1169118929043997
536,1,0.3937891942502435
539,0,0.26202242099094236
544,0,0.19068674021430737
554,1,0.46227754932074594
560,1,0.49704436876363206
566,0,0.47908692655860763
572,0,0.18252282457085622
574,0,0.4537570835528569
587,1,0.3149874731229618
590,0,0.27613228682533336
597,1,0.4919763663626249
598,1,0.48351547416468943
601,0,0.4344615654546246
602,0,0.27872806998806315
605,0,0.37580487783764416
609,0,0.24200387256856126
610,1,0.4358072601221179
611,0,0.5327809452205385
616,0,0.4131367868673124
617,1,0.4525652283215134
628,1,0.29783446256104174
630,0,0.4124541278556896
632,1,0.4847700568028303
636,1,0.22486067203018864
640,0,0.5059545171498574
643,1,0.3436544341828371
645,0,0.4224217617692981
653,1,0.6448572825041313
656,0,0.4242283932462908
671,0,0.13400083538483887
675,1,0.3945867700768415
683,1,0.35577602274017883
693,1,0.33541645270988946
706,1,0.3879935291011259
712,1,0.2768903011365516
716,0,0.27402570405600873
720,1,0.41293982398294543
721,0,0.6218504294362831
742,0,0.2343725853528168
761,1,0.3053120086299807
785,0,0.41453841242360856
791,0,0.21733054485960987
807,1,0.2968474756072545
808,0,0.26831606805598096
810,0,0.4972559570553729
811,0,0.17808287479017323
817,0,0.42392208091498
821,0,0.3953128321492313
822,0,0.23007616210640286
842,0,0.2718347998203111
850,1,0.3335672789241843
853,1,0.33535592751707805
871,1,0.2535054484605761
873,1,0.3755235623482706
875,0,0.2473601823955006
878,0,0.15950209234751989
887,1,0.22245922077841296
890,0,0.6717613004306218
905,0,0.49782149176737706
906,1,0.3178010640236454
912,1,0.4478898462734888
913,1,0.42202170274978795
916,0,0.16713398383745548
919,0,0.2809985448686763
926,0,0.10634594104402058
937,0,0.33746435299081795
945,0,0.5778421037106166
947,0,0.2106589438627209
948,0,0.4041180659508442
959,1,0.6275931884826075
966,0,0.19586196464828037
979,0,0.5967986454584614
980,0,0.3013069354845443
988,0,0.351858023643839
989,0,0.31165712048302086
1008,0,0.3840391443422247
1011,1,0.47810641089813816
1012,1,0.4908836846634605
1013,1,0.6618429892515036
1034,0,0.5923448060682266
1040,0,0.19965326966751568
1042,1,0.47621076084789293
1046,0,0.29090211657007287
1049,0,0.20784958125143455
1052,0,0.20877317726042896
1073,0,0.35888783536299174
1082,0,0.5614535951139401
1102,0,0.2852703293072952
1104,0,0.29859597261211634
1105,0,0.23132223541388322
1106,0,0.24950665768470265
1115,0,0.23656525642562268
1116,1,0.25345497626076824
1119,0,0.20062645662082135
1121,0,0.5570487020585198
1128,0,0.44804529514131114
1150,1,0.7355591831220363
1158,0,0.19713648189310506
1164,0,0.29053472613348097
1181,1,0.5871795880071539
1183,1,0.4006404290752701
1186,1,0.29365621739290587
1187,0,0.2302027983266808
1189,0,0.23967889501198095
1195,1,0.30273498313920844
1199,1,0.6239556811948603
1206,1,0.23258646803963395
1210,1,0.49955947337707757
1218,1,0.36850112395842616
1219,0,0.3647612873596387
1227,1,0.6319512250353043
1228,0,0.4993639025660687
1229,0,0.5685572444283854
1230,0,0.311434948400903
1233,0,0.30483795267697406
1234,1,0.6366742129932179
1237,0,0.21295240351565034
1259,1,0.21178336287885619
1263,0,0.20933068935688284
1274,0,0.35008498899447277
1290,1,0.6508534632874513
1303,1,0.70532709430108
1306,0,0.3526784360705437
1310,0,0.6008510757660813
1312,0,0.4748066824189032
1313,0,0.6309120440145596
1316,1,0.8123327783927179
1325,0,0.28704315362020694
1342,0,0.2127784911375748
1344,0,0.34365172110998676
1354,0,0.2889032809002359
1361,1,0.4710205740433984
1362,0,0.1637778778936742
1363,0,0.3611717326204998
1365,1,0.408263652830088
1367,1,0.2139911604252444
1378,0,0.24215373324891398
1382,0,0.21915898711570767
1392,0,0.25605321063925707
1405,1,0.2989622497791472
1409,0,0.28208364203363867
1413,0,0.45973156745447685
1414,1,0.4029229238507228
1415,0,0.2587418044432614
1417,1,0.3259333408721127
1419,0,0.24549508832530598
1421,0,0.31719079606059675
1433,0,0.12372259753463023
1443,0,0.21149423106200965
1445,0,0.24563537744008349
1451,1,0.2543727349680239
1452,0,0.6149017234217734
1453,0,0.35860922171019294
1456,0,0.11952517541314807
1466,0,0.881492121971809
1485,1,0.502033895131437
1489,0,0.24759804297389942
1494,0,0.3405743016273671
1502,0,0.5279107758152547
1508,0,0.4558995372046031
1514,0,0.23360142444507243
1515,0,0.6692126295175687
1520,0,0.2541757284020421
1521,0,0.2958686422508643
1525,0,0.29104566184424435
1526,0,0.19088573320684124
1544,0,0.23510780161191758
1546,1,0.24969395190291974
1556,0,0.3139602190999454
1561,0,0.1892535214174832
1573,0,0.2768972015922355
1577,1,0.4374993689393659
1579,1,0.30304051330072923
1592,0,0.34914093176346395
1595,0,0.395189345017633
1596,1,0.5158400440361246
1598,0,0.25263710734632566
1608,1,0.2222407258587308
1612,0,0.3726731721100184
1623,0,0.2777602443207123
1624,0,0.2073484254947193
1625,0,0.18681041804398218
1632,0,0.2429728807831146
1643,1,0.7038263461813052
1648,0,0.3973464397941962
1649,0,0.5870366751817658
1656,0,0.4566798303830385
1657,0,0.2789320494161583
1660,1,0.21952178807613995
1682,1,0.3106625039467062
1684,1,0.10130926596436544
1691,1,0.704093629220796
1702,1,0.6788529218404833
1706,1,0.8756555900651769
1728,0,0.24413357666650082
1729,1,0.276697568643015
1731,1,0.43160561235990086
1740,1,0.6500495604124856
1750,1,0.5359686760338207
1758,1,0.06885664402879103
1760,0,0.2265060745650948
1763,0,0.22984686987030578
1767,0,0.2690902862470643
1770,0,0.5705839914190831
1773,0,0.8368793515856126
1782,0,0.33390709253046685
1791,0,0.4391674711263159
1797,0,0.4118483899121324
1803,0,0.18418731183048792
1805,1,0.28920268919580067
1822,1,0.6703702625283313
1837,0,0.21786772696601056
1891,1,0.28415698729992145
1900,0,0.2301946164629339
1910,0,0.24677766545224825
1919,1,0.7009618110560273
1921,0,0.7919556998334669
1923,0,0.25584968042749345
1924,1,0.23571389071231685
1926,1,0.5057664013228873
1939,0,0.2279292344693436
1943,0,0.2932401300969577
1953,0,0.381946457699544
1955,0,0.20478103137106213
1956,0,0.3516217057063386
1959,0,0.5103916688375781
1960,0,0.13869175393987726
1962,0,0.17464257216691673
1977,0,0.5493596556242158
1983,1,0.6735696088639601
1986,0,0.26748184955292004
1990,0,0.3158015466732125
1991,0,0.24764995562819067
1994,0,0.24051681227042837
1997,0,0.2237564085492552
1999,0,0.13062773977386355
2002,1,0.38958085414720867
2003,1,0.23594194155393922
2021,0,0.48100589752248313
2027,1,0.8231477343378323
2030,0,0.43833839955269993
2032,1,0.8661996279486192
2060,0,0.2282264245740794
2076,0,0.33243505013454666
2077,1,0.20677818842440915
2079,0,0.5381527230333931
2089,0,0.3911401222758906
2096,0,0.37052718116770617
2107,1,0.5790915420647205
2108,1,0.6113175488688084
2113,0,0.13740808123355416
2120,0,0.20713202143113324
2122,0,0.22558407623591167
2126,1,0.41991165385571866
2128,0,0.1838555744299402
2129,0,0.28997992858857635
2155,1,0.5508039734338428
2156,1,0.18020565903711874
2161,1,0.6501184734132892
2165,0,0.41458763914980423
2166,1,0.34371785711349273
2171,1,0.5162833214458556
2177,0,0.5798603175366611
2198,1,0.5054044354223656
2205,0,0.2591280433204176
2210,0,0.25959136023588725
2212,0,0.3379649888401287
2232,0,0.24742981704530317
2238,0,0.3341349505937143
2243,0,0.1504510621532798
2245,1,0.2991926011635871
2247,0,0.2563049847455722
2252,0,0.46134021995066243
2264,0,0.2731462845946779
2276,0,0.18456612538946873
2281,1,0.574595021186138
2292,0,0.161404463839623
2300,0,0.2662673856764505
2304,1,0.8364737386251526
2305,1,0.30998375163092073
2308,1,0.41729860460398993
2327,0,0.2953872278457037
2333,0,0.22067151600655166
2341,1,0.2720803291450399
2342,0,0.34945361551416276
2352,0,0.27550146147975646
2362,1,0.25764086402269376
2363,1,0.33602537465710924
2373,0,0.2411435590980875
2383,0,0.1409357447603953
2386,1,0.31322816532209696
2399,1,0.268076062404049
2403,0,0.4275739729575632
2410,0,0.5847574926969833
2411,1,0.6554890505880395
2412,0,0.7389296080478557
2414,0,0.3449112560736061
2418,0,0.2692539920510619
2424,0,0.16893848483962273
2433,0,0.4049555393871489
2436,1,0.5791791920639754
2450,1,0.7105473340983206
2452,0,0.5067029608462513
2461,0,0.47564708300136543
2463,0,0.3646083318619571
2474,1,0.6888293338029196
2484,0,0.23493146242673144
2490,1,0.34446240387209437
2499,0,0.3184151838612332
2506,0,0.46616348460900203
2517,1,0.26201369420251946
2522,0,0.5335607087752199
2524,0,0.5878673522773991
2533,1,0.6698244911293517
2534,0,0.14204889357116068
2542,1,0.47145309656845663
2545,1,0.7354929595278679
2547,0,0.29249805574482535
2548,0,0.1465052779307232
2552,0,0.4433884123475578
2571,0,0.21571130255804538
2572,0,0.22826716469338673
2576,0,0.42172976024273995
2580,1,0.27883726334169623
2592,0,0.25849041533478995
2593,1,0.2504250646497244
2596,0,0.5644371904209287
2597,1,0.4327464292792522
2602,1,0.37724237470723654
2610,0,0.2892641274085865
2615,0,0.19279684047948414
2616,1,0.6876224579067441
2629,0,0.21765660391137592
2631,0,0.20582210842742993
2632,1,0.24989742985617042
2633,0,0.31328839194766683
2636,0,0.22454327887037998
2655,1,0.47472179332849285
2660,0,0.17475539426016842
2677,1,0.4702839191020802
2686,0,0.16145062318052253
2692,0,0.24221866251229235
2698,0,0.19608372080472186
2704,0,0.18042052494273178
2707,0,0.2545657611370795
2735,0,0.24727163078195594
2747,1,0.4004693919196341
2748,0,0.2658896132646291
2750,0,0.21448349465160363
2755,1,0.6994271555157688
2760,0,0.41105430569281987
2762,0,0.30064011682826064
2770,1,0.4599494091973118
2781,0,0.1873305016131395
2785,0,0.2499509092288814
2791,0,0.2659580207179142
2799,0,0.3082031035945328
2816,1,0.7079739068313667
2820,0,0.29039914928662425
2822,0,0.1957288326696614
2828,0,0.23084299445492662
2833,0,0.5519780574744895
2834,0,0.2939052075339826
2835,0,0.317350353916782
2838,0,0.2530082407838016
2844,1,0.18775780088045663
2853,0,0.27727982573366483
2855,1,0.42902755505558976
2858,1,0.35403257534348287
2864,1,0.31554556144376705
2873,1,0.3485757147231603
2882,1,0.41577577747204214
2890,1,0.2608801504417241
2904,0,0.22784850509797341
2906,1,0.33737366384194356
2908,0,0.20418938271448722
2913,0,0.5450429929634392
2916,1,0.24668623496332548
2917,1,0.1742018547570146
2918,0,0.18758218136607271
2928,0,0.5791875803492301
2931,0,0.4329499977654302
2933,1,0.8662914547067573
2935,0,0.3702733813680247
2938,1,0.43690946747198167
2939,1,0.15567935047778708
2944,0,0.3026900272074807
2947,0,0.25749144608716246
2952,0,0.24713622752800113
2965,0,0.14986673976882103
2969,1,0.4735949336129491
2979,0,0.5524281013595308
2984,1,0.35137808833225226
2988,1,0.607666813721912
3021,0,0.19462963478202944
3025,0,0.4355531390094577
3027,0,0.23628424679296378
3036,0,0.6396146985760928
3037,0,0.23075147035011653
3038,0,0.2199158402699002
3045,0,0.3343475459696375
3046,0,0.32195078649274783
3056,1,0.2874820158741589
3058,0,0.41909459816127714
3060,0,0.21050026406684808
3064,0,0.382631206413359
3066,0,0.2557958573971686
3067,1,0.81467809630668
3087,0,0.15125029008957225
3088,0,0.46956567504047697
3089,1,0.39986148568260615
3093,1,0.41816102757356927
3097,0,0.19731409959463486
3109,0,0.12085628366241842
3125,0,0.28713247685078785
3126,0,0.20257171057776244
3128,0,0.3007014782821093
3133,0,0.1565268256474039
3146,0,0.3974936766015422
3148,0,0.34939432906461193
3149,1,0.3842682091866553
3153,0,0.18780751695947462
3157,0,0.20344070197992595
3158,1,0.27587279475366655
3168,0,0.22082842182256507
3171,0,0.35246344835936483
3173,0,0.3838674444920497
3174,0,0.5110909900987041
3179,1,0.2055581301258689
3183,1,0.5604506485050954
3187,0,0.31637660360462816
3188,1,0.44219249506343555
3193,1,0.20161900671061972
3195,0,0.4949274129689487
3196,1,0.13372394005062319
3203,1,0.5200244160023552
3223,0,0.22198686333701748
3224,0,0.48507227791281243
3229,1,0.48271187127965853
3236,0,0.33615665791964505
3242,0,0.45247860856975786
3245,0,0.11117320334240709
3253,0,0.1773311934950932
3255,0,0.21235325621326775
3270,0,0.1320672119390156
3275,0,0.31494848052953284
3276,1,0.324873129696037
3281,0,0.24805689628631125
3287,0,0.33568723844132903
3288,0,0.5956126186269183
3296,0,0.18569865914743375
3297,1,0.2437675462637535
3301,0,0.1396804277324334
3307,0,0.19074132455198886
3319,0,0.4581562299459227
3324,1,0.3507841149225081
3326,1,0.4352413352103095
3339,1,0.1336628378932134
3350,0,0.3131612721441901
3354,0,0.3228085573895142
3355,1,0.5480885108916119
3368,1,0.5884044795763698
3373,0,0.26100615583561554
3386,1,0.4156627158006531
3388,0,0.33020980329886185
3399,1,0.46926625148025003
3420,0,0.2989958885728945
3426,0,0.25979502800279736
3431,0,0.20615413690606532
3433,0,0.15746838054238624
3437,1,0.31691439731988175
3438,1,0.13692760618597866
3455,0,0.20719377630496022
3457,0,0.40629731741041697
3463,0,0.2544136716078891
3465,1,0.6875123023008222
3468,0,0.31086282176488694
3469,1,0.29386518371500503
3472,1,0.40625813159811724
3475,1,0.43819263072367887
3477,0,0.21728228934209895
3480,1,0.416000911521079
3484,1,0.288205453691524
3492,1,0.2699996600732602
3501,0,0.6131346148959131
3519,1,0.43629545187343066
3523,1,0.41085672860575284
3544,1,0.204422462770065
3553,0,0.2056303079408378
3565,1,0.5486858413922382
3568,0,0.4822502956320157
3572,0,0.2991426028039053
3573,0,0.17121233517492748
3576,1,0.2431687739190491
3592,1,0.2462584589453597
3594,0,0.2028324722101822
3607,0,0.24879045816954953
3613,0,0.29678121331745666
3618,0,0.32344938883195135
3626,0,0.43598724936636074
3629,1,0.5490950102561899
3646,0,0.4996086419413791
3650,0,0.3655530585900336
3666,0,0.43307545646441664
3679,1,0.13014771819445936
3682,1,0.4512151916967961
3684,1,0.4524615360385728
3691,1,0.18228729815276828
3702,0,0.2874035839829894
3709,0,0.21053038921211303
3733,1,0.28447712647372486
3743,0,0.42789790774684516
3744,1,0.4325963746039644
3751,1,0.3849262975702323
3752,0,0.3309210373433821
3753,0,0.5284463045912831
3759,0,0.25265516878558847
3795,0,0.4323371390302058
3809,1,0.26377361812800443
3810,1,0.2761445237661844
3813,0,0.8380876331622681
3833,1,0.452667575627916
3836,1,0.2017382878935221
3837,1,0.8682917606892293
3838,0,0.2815984042838065
3847,0,0.45605122185498403
3863,0,0.33588153811357446
3883,1,0.21493444454039212
3886,0,0.32791486376861667
3887,0,0.2844948424364497
3889,0,0.2553308945223414
3896,0,0.7164953740674491
3913,0,0.24436121351544668
3915,0,0.20082805147027707
3920,1,0.9159987401782834
3938,0,0.41828969163486746
3963,1,0.7815075690591379
3965,1,0.2654460151249909
3972,0,0.11031736378975503
3979,1,0.5481000062912548
3980,0,0.30068261254762796
3988,0,0.3216618741612213
4001,0,0.3971413294244035
4002,0,0.21978638254098665
4003,1,0.39842945680375785
4013,0,0.3598490250285779
4018,0,0.1939600151172898
4019,0,0.1996644891610646
4022,1,0.3107511269556441
4028,1,0.49851496882037594
4035,0,0.16568400437537142
4040,1,0.12759672115202844
4042,0,0.46556357481153293
4050,1,0.16337164550425218
4053,1,0.8806057949049494
4066,1,0.4747957008841052
4074,0,0.47723656360842
4084,0,0.1751086535209601
4093,1,0.7689881694638181
4095,1,0.36549110196267076
4096,0,0.27320519682895733
4098,1,0.22124860342795571
4103,0,0.44370967660150373
4112,1,0.5268540596729143
4126,0,0.22131282305992814
4128,0,0.3827032472035295
4143,0,0.24250324123843298
4145,0,0.6511649149701295
4153,0,0.16915366993187747
4155,0,0.3483472673102594
4156,0,0.25696637520405746
4163,1,0.40595758787386194
4178,0,0.30832550163836975
4185,0,0.29007452756819907
4186,0,0.3481651283902926
4188,0,0.16659481669516324
4190,0,0.47963661430859883
4193,0,0.4403160824844337
4194,0,0.35510359134274266
4195,0,0.16537752472452516
4197,0,0.13275734802299052
4206,0,0.2199040806872954
4214,1,0.5290662015325126
4217,0,0.4490677857067198
4219,1,0.43064187981488056
4221,1,0.19806555451139388
4227,1,0.4058349143889748
4237,0,0.17084367026083533
4245,0,0.30501889253500564
4254,1,0.7817881123581875
4261,0,0.2515978407405155
4271,0,0.36935695119309064
4285,1,0.49450169450582754
4308,1,0.213324931860471
4315,0,0.19454095504656452
4321,0,0.27923583534227153
4335,1,0.4915606062394357
4348,0,0.3841373318747624
4361,0,0.17549429681913065
4369,0,0.14385229343753334
4375,0,0.29127207618575635
4382,0,0.23967454491431525
4403,0,0.22225347280128369
4404,1,0.36947168043949463
4414,0,0.22315602671694787
4415,1,0.23094270166327346
4423,1,0.37893810482353213
4437,0,0.28034546190713755
4440,0,0.36613544036743256
4444,0,0.3757950785052129
4467,1,0.13546268581233198
4471,0,0.5547616843724028
4477,1,0.5676981918616707
4478,0,0.24572687683446082
4488,0,0.33046336114308883
4492,0,0.17959761189986542
4503,0,0.48539021181779307
4518,0,0.18692469233037903
4523,0,0.17390487380538358
4527,0,0.3099798354766999
4532,1,0.4694390338043556
4536,0,0.05122119834093993
4538,0,0.21365076590830057
4543,0,0.4689612682672277
4550,1,0.2215788788178909
4552,0,0.5613309331793397
4567,0,0.16412174386549097
4570,1,0.5292154847603335
4574,0,0.33131374015932286
4591,0,0.22836239831656738
4601,1,0.1871690803228994
4602,0,0.46576735244602024
4608,0,0.4007025886900111
4609,0,0.5269784668022088
4614,0,0.5281614253781868
4628,1,0.3920171023236992
4629,0,0.16138676059391582
4637,0,0.36953803116243045
4639,1,0.30355732361014603
4642,0,0.26547452691949025
4650,0,0.32148132235957283
4659,0,0.5373887004123302
4673,0,0.22071980946856518
4675,0,0.3152099109697319
4683,1,0.3276276669179846
4684,0,0.5622161832955055
4691,1,0.4183549710245832
4696,0,0.18060034033978267
4700,0,0.2985696791143473
4706,0,0.2652957469642205
4724,0,0.10496337426163682
4732,0,0.29690036245045814
4744,0,0.18770488032791052
4754,0,0.4451143920465423
4763,0,0.3850719580368564
4766,1,0.36658767708303597
4776,0,0.24959468544189845
4780,1,0.31945370578234106
4786,0,0.19610150940840868
4805,0,0.3481835630721848
4815,1,0.3585946411243192
4823,1,0.554928744151904
4827,0,0.19139261771284305
4831,0,0.2164125753748913
4838,0,0.31404948153903717
4842,0,0.43777379155733354
4843,0,0.16507244237832738
4852,1,0.19031113369941008
4868,0,0.2121689452990879
4869,0,0.45951466765784293
4872,0,0.19436801572177895
4883,0,0.5160300472348593
4890,0,0.34941115392946615
4891,0,0.2537493697216781
4911,0,0.11391019041503422
4936,0,0.27896213753743365
4937,0,0.2562645923681846
4945,0,0.5094465065363475
4946,1,0.7754669795694026
4957,0,0.17250998299421874
4959,0,0.24920980519342195
4962,1,0.39403211980283
4967,0,0.19390942314938078
4996,1,0.09663318885053036
4997,0,0.19762020560660945
4999,0,0.29975502843256113
5010,1,0.5130954511204531
5020,0,0.248175327448796
5022,1,0.6820039588647389
5024,0,0.5702986703588794
5029,0,0.31516389827738267
5036,0,0.12345174496679194
5042,1,0.17630346704513541
5045,0,0.06966740887582049
5051,0,0.26689817493015583
5053,1,0.3099614352948522
5059,1,0.6395505745161039
5068,0,0.4460789588966198
5090,1,0.30700469400032193
5097,0,0.4414062418276152
5103,0,0.223722315051291
5108,1,0.08773367464157462
5114,0,0.2535243382396609
5116,0,0.21850321769366474
5122,0,0.2649048090968194
5126,0,0.16454976623880507
5136,0,0.3048180122077951
5141,0,0.267806633981122
5145,0,0.23909911648021637
5168,0,0.5468285036633145
5228,0,0.19247473329733383
5238,0,0.24727682528685618
5250,0,0.5174899276995649
5253,0,0.1972439938578366
5261,0,0.27740401796720354
5281,0,0.19859899762866798
5288,0,0.287651210799092
5289,0,0.2974680743697429
5294,0,0.38217399271909724
5303,0,0.274150857223555
5308,0,0.08880083993576467
5309,0,0.25560264747854305
5313,0,0.2584485907760559
5316,1,0.16503839467865805
5326,0,0.4895552692522012
5346,0,0.16919762538332656
5351,1,0.3539820540911978
5352,0,0.29119028801219793
5353,1,0.6959970485635303
5361,0,0.2853736442783698
5364,0,0.6517908803208067
5368,1,0.2116977689918802
5372,1,0.5612218667865948
5375,0,0.2222889003269966
5376,1,0.4772658330155894
5378,0,0.46708204645411744
5380,0,0.3161973107473663
5384,0,0.21923459894221592
5390,0,0.19625164840288267
5395,0,0.507743061898122
5402,1,0.31358812285922155
5404,0,0.1718112058507145
5406,1,0.614561307974584
5415,0,0.38127557465682455
5438,0,0.11118663063899285
5458,1,0.4795614858863695
5464,0,0.3200932434863236
5471,0,0.3760561055980139
5475,1,0.6379159124556008
5481,0,0.23045518777279903
5488,0,0.2693379424499355
5490,0,0.26795079923236265
5493,0,0.6018077499376051
5494,0,0.24571516670056873
5497,0,0.13768017980448252
5500,0,0.24867328326345683
5508,0,0.1848944553613385
5509,1,0.4420541499183808
5511,0,0.0888952958778189
5513,0,0.23480711644279675
5515,0,0.29235556495268394
5520,0,0.37376647187151985
5524,1,0.5089970195749295
5544,1,0.41442270436812934
5555,0,0.3501930761036429
5565,0,0.15250428123173737
5588,0,0.2533760105568801
5601,1,0.5795756172670438
5616,1,0.1674484033808075
5622,1,0.2849001368884662
5629,0,0.5207729539066648
5646,0,0.3157666824766963
5659,0,0.2825747374223942
5666,1,0.7025707859028835
5680,0,0.24798085745759554
5681,1,0.5025252213329183
5684,0,0.21437768215441316
5688,1,0.12386284814263701
5693,1,0.5976776536199486
5700,1,0.22744221143121524
5709,0,0.1992982745292488
5715,0,0.2502316565679888
5719,0,0.21552317389304387
5722,1,0.17209530033472095
5728,0,0.18926807207585183
5730,1,0.3321629900826489
5738,0,0.49774916255490886
5742,1,0.6046592565157104
5749,0,0.3582205270675109
5757,0,0.24424573270206312
5773,1,0.3409543268300006
5780,0,0.24453200168085693
5789,1,0.2810607403096898
5790,1,0.5800679654325162
5796,0,0.43331966462439603
5805,0,0.38172776133557296
5806,0,0.2879678677740701
5819,1,0.27464745610685454
5848,1,0.2327281162176621
5871,0,0.42425687155929015
5885,1,0.36250594999700914
5891,1,0.39704660084237603
5898,1,0.3108956194229336
5909,0,0.2246155104903265
5915,0,0.3827966022430829
5917,0,0.43150541607432646
5919,0,0.2935657140986239
5922,0,0.2830429799631729
5924,0,0.2566826640714088
5929,0,0.22525401509089452
5938,0,0.1587233839204594
5941,1,0.22621979102765136
5950,1,0.2622741109104674
5954,1,0.38353700122449036
5960,1,0.2612572375660689
5968,0,0.18826203891813803
5980,0,0.5439281692251832
5986,0,0.2766052551803769
6000,0,0.41452995415697047
6004,0,0.30121889741821223
6025,0,0.262474554437299
6029,1,0.09431249931046441
6034,0,0.3040344940380941
6039,0,0.3156594953672132
6067,1,0.8437635023152368
6079,1,0.17135211242171852
6090,0,0.28593150672172285
6094,0,0.2969794358958424
6115,1,0.4266970231067653
6116,1,0.32033068741818005
6118,0,0.2229185793920151
6121,1,0.18584154156240404
6122,0,0.2916659298752358
6131,0,0.46356848948052565
6132,0,0.44908544499475195
6144,0,0.44526934996475814
6146,0,0.5343373965120002
6153,0,0.272474326603699
6159,0,0.2608541869182277
6166,0,0.35273865134491206
6171,1,0.47695801506583296
6176,0,0.2594933239090916
6178,0,0.28755149012691517
6182,1,0.4880495937142976
6184,1,0.6346050445884603
6185,0,0.20244118937967115
6193,0,0.3791485801656714
6196,0,0.5215541040068324
6197,1,0.24672695870218622
6199,1,0.6701284187992642
6200,1,0.32340970240792255
6211,0,0.10351861858453963
6215,0,0.18818035928628907
6217,1,0.6474496186791241
6225,1,0.5873412122305558
6226,0,0.14139450304889414
6232,0,0.6310557561068951
6237,0,0.4584115689627329
6238,0,0.3102990470034024
6242,1,0.33942135560530273
6244,1,0.5554734220796422
6245,1,0.23772726611664938
6247,0,0.421431956564382
6255,0,0.26670877335969384
6256,0,0.3180872737812268
6258,0,0.2140654680712301
6297,0,0.2866703895075736
6310,1,0.5278142269660198
6315,1,0.4105513772462839
6320,0,0.4452580884497672
6328,0,0.35031757350757664
6330,0,0.22824087828754638
6331,0,0.8441630689200603
6334,0,0.176071511029833
6347,1,0.32693017452055473
6363,0,0.3156642355878981
6364,0,0.5060366098697292
6378,0,0.1622209344966365
6382,1,0.29060158202080016
6398,0,0.17614266101386705
6404,1,0.48918661697444576
6408,0,0.22331735261104874
6416,1,0.14188646046393838
6418,0,0.1309463091933957
6427,0,0.21472574105142708
6429,1,0.4531394001623751
6437,0,0.41214829213820003
6447,1,0.459544186692538
6460,0,0.2192849854465878
6462,0,0.33450336812961484
6465,1,0.636816732846193
6466,1,0.27832750693952474
6467,0,0.2686865396425105
6469,1,0.35027863137053467
6470,1,0.2596396075600014
6474,0,0.4697594292545582
6497,0,0.4533630330355002
6499,0,0.37978235882273
6515,0,0.07540462458923151
6519,0,0.22915601879537573
6526,1,0.14194330347111322
6545,0,0.28907152035513534
6557,1,0.24995166189534732
6558,0,0.16084436112136022
6566,1,0.4559147279737568
6569,0,0.2575886837054357
6575,1,0.535821546010456
6582,0,0.4834131116039287
6586,0,0.2849384226628761
6603,0,0.2675685681815312
6611,0,0.1831581315712696
6616,0,0.20743982831095958
6617,1,0.5204830474807667
6618,0,0.3553579318870841
6636,0,0.21131039090075776
6638,0,0.5279688247099394
6649,0,0.7500444918823035
6661,1,0.29628103124671257
6662,0,0.3592131356488483
6664,1,0.22721622622581608
6668,1,0.43762550433215336
6679,0,0.38773994071304696
6707,1,0.14860291639811296
6710,1,0.2128880256917446
6713,1,0.4854083468968973
6723,0,0.39564877540011417
6726,0,0.2531951521209994
6735,1,0.6021119260592631
6745,1,0.10518855173493263
6759,0,0.2706891092178699
6763,1,0.2665803716247407
6774,0,0.2407559599581237
6775,0,0.45805381060424144
6780,1,0.6253786322006437
6802,0,0.6037472038280932
6810,0,0.4904923902367476
6814,0,0.11653337301140027
6821,0,0.5496539926474637
6834,0,0.44968530242992905
6835,1,0.6299910364863779
6842,0,0.2566067459880476
6861,1,0.41909189962533683
6863,0,0.18671131664211774
6878,0,0.14097396268802884
6879,0,0.3416915123011086
6887,0,0.41918204407130544
6891,0,0.35492831705698197
6907,1,0.5164005524386117
6910,1,0.21437763241549507
6922,0,0.40856509133694785
6928,0,0.4440057035992958
6929,0,0.23784717478013503
6930,0,0.2528397748147108
6935,0,0.3528378028636228
6951,1,0.5226857677586121
6955,0,0.4349742496925618
6971,0,0.512272050792338
6989,0,0.25146695323792767
6997,0,0.2467359814835027
7004,1,0.7497091852815448
7006,0,0.25646551509713655
7009,0,0.305763958891358
7012,0,0.18985736026805103
7022,1,0.39407745892615753
7024,0,0.18487608856482599
7035,1,0.47074569530768234
7046,0,0.16491854432825218
7049,1,0.16897901497321677
7050,0,0.2549306609938682
7058,0,0.14118132205216827
7059,0,0.4591385639900106
7063,0,0.1339585777278825
7074,1,0.4985934021398316
7075,0,0.562925032635314
7088,0,0.08956437559536028
7095,1,0.6754352857632487
7110,0,0.3671319905980307
7122,1,0.24541281172862403
7130,0,0.30853830753537925
7138,0,0.21121347402333115
7142,0,0.4409234135276869
7144,1,0.2941018503032458
7145,0,0.27397419902188663
7153,0,0.5235069138455393
7156,1,0.24027725853163012
7157,0,0.2129709100806389
7159,0,0.14724039968174318
7171,0,0.1729066866251065
7179,0,0.3121079074777306
7180,0,0.24301467598673798
7185,0,0.16977754298169295
7192,1,0.37893927324089965
7197,0,0.23628064491927653
7202,1,0.2140329692371091
7203,0,0.4823002774411235
7210,1,0.7810412766218735
7213,0,0.3536480862189627
7215,0,0.30732946136023176
7222,1,0.2832132840268833
7229,1,0.24285670317671035
7234,0,0.22385491301608823
7244,1,0.7918788421939535
7245,0,0.5602268744392752
7260,0,0.24670688253632825
7267,0,0.0944304333846863
7270,0,0.264916686877082
7271,0,0.4126870604547652
7308,0,0.3365799471816302
7312,0,0.2265825467097457
7321,0,0.24947380457063145
7325,1,0.4057415266782304
7327,1,0.631190524835127
7328,1,0.37090516967756004
7336,1,0.4776761272149056
7337,1,0.19676576592885556
7352,1,0.187435121466175
7354,1,0.5189631799562182
7357,0,0.32102434340258734
7359,0,0.14825244783596708
7360,1,0.4089239365584467
7373,1,0.37716158818777995
7379,1,0.7606628924872717
7386,0,0.26619249975574316
7392,0,0.2758155256175665
7396,1,0.16996853702217612
7397,0,0.11059087217310526
7399,0,0.43775687637917216
7403,0,0.5802810972349787
7404,0,0.32416889681092703
7416,0,0.2495550282572404
7423,0,0.13194390954133983
7424,1,0.5513660169953406
7426,0,0.1879531157244737
7429,1,0.7963361969563322
7438,0,0.13633803038684156
7445,0,0.30488134396262506
7461,0,0.43453945515351877
7466,0,0.23084478891105478
7472,0,0.2185676098276712
7473,0,0.15783737574308218
7482,0,0.13221131923373108
7486,1,0.49058962756727503
7494,1,0.2483027661618429
7495,0,0.8915300640661108
7497,0,0.15104422610750548
7500,0,0.2802297476783547
7503,0,0.25086732720274646
7504,0,0.369214335895963
7512,1,0.583639567460839
7527,1,0.6163750318738045
7528,0,0.16909770082420666
7529,1,0.18017835532139664
7530,1,0.264980239436429
7531,0,0.17929285002035975
7535,0,0.12352235091398807
7550,1,0.22949879921889713
7558,0,0.13942202770585746
7605,0,0.47262899050079016
7621,1,0.33148234037661034
7626,1,0.2936941235057392
7628,1,0.3644017696398281
7637,0,0.27192418955298525
7646,0,0.42817754162444027
7648,1,0.39180065437868
7650,0,0.42766340810760467
7652,0,0.10664180195281092
7655,1,0.16967139571364065
7657,0,0.4678230728381598
7674,0,0.45830179606617955
7675,1,0.4227813412509008
7686,0,0.3630176330485729
7689,1,0.2771197927575284
7695,0,0.2441186919378646
7699,0,0.25510384862986196
7702,0,0.3582604142017258
7706,1,0.4226447728169926
7710,1,0.756835690745616
7715,0,0.2736529823792712
7725,1,0.2870708861995994
7729,1,0.6583256991760317
7730,0,0.11102954006792921
7732,1,0.4741780146230445
7733,1,0.3867114935273077
7737,0,0.3369257282682579
7741,1,0.2917494299179885
7744,0,0.3850123177110366
7765,0,0.421862081916142
7767,0,0.21748321922707986
7769,1,0.27516598435180284
7772,0,0.2311961390775921
7780,0,0.27845339148927756
7790,0,0.10732814458777903
7802,0,0.45648334620224135
7824,1,0.3643873785528994
7833,0,0.1710797614743628
7834,1,0.40248646840023294
7836,0,0.19968989403201345
7846,1,0.28835987587134876
7851,1,0.34937470687642036
7865,0,0.37436134898302903
7874,0,0.6072482050188002
7879,0,0.2326329161754344
7882,0,0.23725298863893224
7884,1,0.38431975765654613
7887,0,0.1739425298991913
7892,0,0.21417024436034196
7895,1,0.33194281058163955
7903,0,0.27189014997730515
7908,0,0.5115073967160884
7909,1,0.6314191856130696
7912,0,0.3798800369065134
7934,0,0.3013684769595259
7948,1,0.6094353819075912
7949,0,0.3133833530669865
7950,0,0.47412743408816044
7954,0,0.24062051004952784
7961,0,0.23572413352468943
7975,0,0.19754592087580097
7976,0,0.17737084677697537
7980,0,0.3006029566508231
7981,0,0.24634634458359705
7987,0,0.1664644297109093
7993,1,0.29427539047242945
7999,1,0.1999349565735629
8000,1,0.2801885138412385
8004,0,0.1894975857786627
8019,1,0.19487747475788494
8029,0,0.3936759421220259
8032,1,0.3684838638361606
8035,0,0.3366255270966928
8038,1,0.2117631331071608
8048,0,0.5995155677981862
8067,1,0.2911933782030568
8068,0,0.3489419652021506
8071,0,0.410470640039063
8072,0,0.5991255067257397
8080,1,0.1526822005504324
8085,0,0.25083878272414384
8087,1,0.3406300859019795
8088,0,0.15004056346033653
8093,0,0.13351392197896605
8098,1,0.4566566437048789
8100,0,0.45940225069859336
8108,1,0.27057882502910025
8120,0,0.3024198229119599
8127,1,0.22092322350672225
8131,1,0.7267216065105107
8134,0,0.3731546456355079
8139,1,0.5462760507188907
8140,0,0.21945464497062808
8141,0,0.18246945755096128
8150,0,0.3555901587684206
8152,0,0.5415888596697169
8156,1,0.5344628122918155
8158,0,0.31350408932904883
8170,0,0.363382398499185
8173,0,0.2873367123524616
8177,1,0.23868852957511946
8193,1,0.3584086458908768
8197,0,0.5395085634005015
8206,0,0.38032287356674727
8209,0,0.18710401001052013
8216,0,0.24084823303011602
8219,0,0.45468669780519366
8228,0,0.23649704063351845
8237,0,0.4572292039147377
8238,1,0.3442253753055657
8241,0,0.4028655677916922
8269,0,0.2658583220611662
8278,0,0.2734278930043866
8289,1,0.5511122947384824
8295,1,0.2191534463490942
8299,0,0.2794526632980608
8311,0,0.24705007776468502
8319,0,0.271139699113504
8334,1,0.19734224913449308
8339,0,0.4805844071877489
8343,0,0.47308494132521633
8357,0,0.4431982316831163
8366,1,0.3014503600677802
8371,1,0.5449441388710129
8372,0,0.2861488765325713
8374,0,0.3585664102395291
8426,1,0.42018732199267084
8428,0,0.11617996398326409
8429,1,0.4706729198566708
8430,1,0.6333411363250991
8441,1,0.19759623318615877
8446,0,0.3365110508713844
8449,0,0.2472002516141572
8457,1,0.428814992996395
8458,0,0.27693895148319264
8468,0,0.3290499933638671
8487,1,0.23472573981405584
8495,0,0.5714914757909246
8506,0,0.36493864518418495
8508,0,0.07543529342070593
8510,1,0.23291751101325228
8513,0,0.4211516115494941
8544,0,0.3047057119818802
8550,1,0.4884082691487961
8562,1,0.30968653290500675
8568,1,0.4432790153612016
8569,0,0.2560473556036686
8578,0,0.2411359901875257
8585,0,0.2501130174254503
8590,0,0.4447373304834374
8593,0,0.23979613457642726
8614,1,0.20539292578550294
8620,0,0.3182737565218791
8622,1,0.4584900713969938
8623,0,0.13463992829479787
8624,1,0.3917325174847857
8629,1,0.49610601512633334
8632,1,0.37745801873856333
8633,0,0.5855496719991744
8635,0,0.3184930389125133
8641,0,0.30424572078250167
8650,0,0.35765544938182614
8652,1,0.6623344889464321
8670,1,0.2626604883711322
8672,1,0.21430845062492007
8674,0,0.251380489169256
8679,1,0.2685466259535257
8691,0,0.14191293918571704
8700,0,0.3620801291418385
8704,1,0.2553083363211619
8707,0,0.19322796946037946
8711,0,0.3878239616814546
8717,1,0.2119827724185656
8718,0,0.2877919627780447
8731,0,0.22906572112703094
8734,0,0.4463404025920908
8736,0,0.3868028557003675
8738,0,0.2708474046440988
8750,0,0.44192063909930485
8751,0,0.4096804508366924
8758,0,0.24461798498621165
8768,1,0.3017167510363764
8775,0,0.49254706650895236
8783,0,0.596148792770516
8790,0,0.2438030441144726
8793,0,0.2117338226567148
8795,0,0.22743210313150394
8799,1,0.1803919414316669
8804,0,0.34511393229738024
8810,0,0.2710185329267281
8812,0,0.19339005977884932
8818,0,0.4970128877336919
8825,0,0.14423099000478654
8827,0,0.41519131793997366
8833,0,0.10743591439121601
8836,0,0.3149760708038946
8841,0,0.44183324262453016
8845,1,0.3071504797315024
8859,0,0.26478678370005365
8861,1,0.3817225406274492
8868,0,0.3187309163928668
8873,0,0.20133703264036265
8881,0,0.23578523480611124
8882,0,0.5872008448881938
8887,0,0.4131208993226474
8894,0,0.23764430714539356
8895,0,0.21235159800249934
8901,0,0.24753941846277358
8902,0,0.253099215728361
8913,0,0.31162831054454476
8914,1,0.3744613301842887
8915,1,0.5894214497900686
8917,1,0.8351249796126923
8937,0,0.4016251871316984
8939,1,0.5097123991110201
8951,1,0.1901333552116625
8963,0,0.386995494832471
8965,1,0.18748442593906497
8972,0,0.1439492638088609
8986,1,0.29287259612965827
8999,1,0.3412417414035958
9000,1,0.4109404429415289
9005,0,0.2895330972694193
9009,1,0.7192126328830408
9012,0,0.20516082337164318
9030,0,0.29178864170374474
9043,0,0.45899254762325364
9054,1,0.5485896140907457
9061,0,0.19642869102104507
9063,1,0.378813265326178
9065,0,0.16899342050440108
9070,1,0.2639368887310955
9074,1,0.47425002024589824
9086,0,0.21541268522947837
9087,0,0.08721703456056999
9095,0,0.3069897879081965
9107,0,0.24202305801689525
9112,0,0.38207218155628364
9114,0,0.2406794020168773
9127,1,0.324877908464206
9131,0,0.48231304810664005
9144,0,0.5376822311270908
9145,1,0.2602358585051325
9153,0,0.4765396854544966
9167,0,0.2478861262479543
9178,1,0.7611650268413959
9187,0,0.437460802192066
9190,0,0.4967147041232096
9197,0,0.3693757396632524
9204,0,0.2936053363474211
9209,0,0.2994038035671188
9211,0,0.3841835174105404
9216,0,0.16196376015836883
9217,1,0.5665679430305594
9230,0,0.14868786600914094
9233,1,0.48713051455553447
9238,0,0.5997072924750818
9243,0,0.2409964949450536
9244,0,0.42172767108896747
9245,0,0.17480074567401196
9260,0,0.5861806415772018
9261,1,0.3563722102354905
9276,1,0.13996168702329997
9279,0,0.2558793957401251
9294,0,0.21804241897976312
9314,0,0.3563929206979675
9318,0,0.09136047667006386
9322,0,0.20686561345801321
9324,0,0.7971928208410257
9356,0,0.27305802068290624
9362,1,0.3378166560722163
9369,1,0.479574514775359
9371,0,0.18172355083799502
9379,1,0.2586051848694747
9381,0,0.3291377066844039
9391,0,0.34246860099783066
9393,0,0.44175023700081967
9396,1,0.1742699879817586
9413,1,0.27943210473875657
9417,0,0.21797564325470625
9433,1,0.6685966419803877
9437,0,0.3749644835939709
9442,0,0.2753743602702866
9457,0,0.1665296427669498
9462,0,0.1922521141957011
9463,0,0.39389998917473285
9465,0,0.2564598755138742
9471,0,0.25478147179746413
9483,1,0.39721974513526825
9490,0,0.504597868001602
9492,1,0.7384516022376906
9494,0,0.3961595646308283
9496,1,0.220443934452475
9497,0,0.1024003169575612
9526,1,0.7557004720599689
9530,0,0.23205957050296913
9534,0,0.7295681182952448
9537,0,0.4385438436903087
9539,1,0.18328117759307613
9545,0,0.21294990715519282
9559,0,0.4940078599051424
9564,0,0.5100530886950004
9565,0,0.3732853478424046
9569,0,0.13213919312866867
9575,1,0.45434707115498835
9579,0,0.2495373930335472
9581,0,0.3709317917130948
9585,1,0.19365147863656407
9611,1,0.49500438950610764
9620,1,0.38505957608602875
9630,0,0.5482515302414057
9633,1,0.24987035100754204
9636,0,0.37451106105825005
9649,0,0.42480515164422195
9656,0,0.5270722506705497
9674,1,0.8899869238985061
9683,0,0.32773465994677065
9692,1,0.3626236544540689
9693,0,0.4854174283074672
9700,0,0.2489791999723822
9711,0,0.34018018222986945
9712,1,0.6261924436380429
9723,0,0.4256763087396733
9733,0,0.5915338522600228
9741,1,0.4546875166874935
9742,0,0.21115103067175026
9753,1,0.23185599187707723
9765,1,0.5779711556134329
9782,0,0.3501568542241948
9783,1,0.49449255627954913
9786,1,0.3386491399059951
9793,0,0.19212473863704355
9796,0,0.5384689614130784
9797,0,0.2559407598605153
9808,0,0.2276562903161432
9820,0,0.26955002348969564
9821,0,0.7450680347857165
9824,1,0.548797720496121
9825,0,0.1965159803788148
9826,0,0.054877257901705
9835,0,0.2983454548450571
9836,0,0.2141072706711024
9843,0,0.21435867196706399
9846,0,0.39807689686366954
9851,1,0.17600072935443467
9852,0,0.530739544320337
9854,0,0.27284638388113164
9863,1,0.1727475681649923
9869,0,0.5010336814718162
9882,0,0.23373281940032734
9883,0,0.5344530220983571
9885,0,0.2020473637310956
9893,0,0.44460118738377924
9896,1,0.27587647860533815
9912,1,0.4652018280403437
9929,0,0.38575335880088546
9950,1,0.4590183860546352
9951,0,0.2090063662509704
9952,0,0.39071554349317505
9955,0,0.5692468531621518
9956,1,0.26354793423178197
9957,0,0.1745966534909596
9966,0,0.14730786009408406
9982,0,0.09390503713389856
9986,1,0.30044637769000987
9998,1,0.22652090848451328
